model,dtype,xpu,cap,bw,sys_opb,pim_num,pim_core_num,hw,cores,pipe_level,is parallel,power constraint,gqa_size,Lin,Lout,bs,required_cap,s_flops,g_flops,s_time,s_matmul,s_fc,s_comm,s_softmax,s_act,s_lnorm,g_time (ms),g_matmul,g_fc,g_comm,g_etc,g_qkv_time,g_prj_time,g_ff_time,g2g_comm,c2g_comm,g_softmax,g_act,g_lnorm,g_energy (nJ),g_dram_energy,g_l2_energy,g_l1_energy,g_reg_energy,g_alu_energy,g_fc_mem_energy,g_fc_comp_energy,g_attn_mem_energy,g_attn_comp_energy,g_etc_mem_energy,g_etc_comp_energy,g_comm_energy
LLAMA-13B,W16A16,GPU,80,0.4,93.07875894988067,1,2,DIGPIM,1,True,True,False,0,128,1920,1,26843135800.0,1686122775.612298,26072780800.000538,14.96158599758533,0.2981000140390285,13.36245484144101,0.0,0.09936667134634285,0.41857487457756565,0.7830895961813843,43.67728678876605,33.84854076081203,8.933089419163856,0.005461333333333327,0.883703628677707,2.2363323318825965,0.7455411483925363,5.951215938889034,0.0,0.005461333333333327,0.006491646778042959,0.3322794912076454,0.5514241374701688,837296593.7466118,733725171.1972852,62729420.8,34238977.3653368,2548426.752000248,4029038.5920000994,722962448.3840789,103521867.09333822,10598030.84528125,1392.64,164691.9680000066,22603.77599999938,25559.04
LLAMA-13B,W16A16,GPU,80,0.4,93.07875894988067,1,2,DIGPIM,1,True,True,False,0,128,1920,4,31875071200.0,6744491102.449192,104291123200.00215,55.15092006318858,0.596200028078057,51.78352246153845,0.0,0.1987333426926857,1.0889058461538463,1.4835583847255371,43.82423919975568,33.944709932255165,8.940502832341057,0.021845333333333307,0.8912145147112448,2.2380790116523346,0.7464144882773974,5.956009332411922,0.0,0.021845333333333307,0.025966587112171837,0.3343179648305413,0.5568965498806335,905195466.6367223,768740473.3993475,69723750.4,40319145.301328674,10193707.008000992,16116154.368000397,723562397.6959211,136256771.4133296,44519307.8313595,5570.56,658767.8720000264,90415.10399999752,102236.16
LLAMA-13B,W16A16,GPU,80,0.4,93.07875894988067,1,2,DIGPIM,1,True,True,False,0,128,1920,8,38584318400.0,13488982204.898384,208582246400.0043,109.35477344099179,0.8943000421170856,103.5670449230769,0.0,0.2981000140390285,2.1778116923076927,2.417516769451074,44.24285874234642,34.29561848879524,8.950387383243926,0.043690666666666614,0.9012290294224522,2.2404079180121337,0.7475789414572626,5.962400523773521,0.0,0.043690666666666614,0.051933174224343674,0.3370359296610999,0.564193099761316,1003524877.0490284,823225122.894389,79049523.2,48426035.88267191,20387414.016001984,32232308.736000795,724362330.1119456,179903310.50665283,97545257.03843552,11141.12,1317535.7440000528,180830.20799999504,204472.32
LLAMA-13B,W16A16,GPU,80,0.4,93.07875894988067,1,2,DIGPIM,1,True,True,False,0,128,1920,16,52002812800.0,26977964409.79677,417164492800.0086,218.68790123163393,1.7886000842341712,207.66204419580413,0.0,0.596200028078057,4.355623384615385,4.285433538902148,46.09289831953849,35.760784346012834,9.219608232907138,0.08738133333333323,0.9212580588448861,2.4945174785905304,0.7499078478169257,5.9751829064988184,0.0,0.08738133333333323,0.10386634844868735,0.34247185932220464,0.5787861995226738,1218155373.4981847,957715844.709021,90151321.6,64639817.045343734,40774828.03200397,64464617.47200159,725962194.9440796,259646641.4933269,229118578.27697527,22282.24,2635071.4880001056,361660.4159999901,408944.64
LLAMA-13B,W16A16,GPU,80,0.4,93.07875894988067,1,2,DIGPIM,1,True,True,False,0,1024,1024,1,26843135800.0,26045274838.70968,26443366400.00011,123.81383690484776,9.291996553846154,103.5670449230769,0.0,6.359466966165942,2.1778116923076927,2.417516769451074,43.68013905898064,33.84871999999938,8.933089419164464,0.00546133333333314,0.8837036286778154,2.236332331882679,0.745541148392536,5.951215938889424,0.0,0.00546133333333314,0.009164677804295945,0.3322794912076424,0.5514241374701688,837395052.619083,733823056.6296895,62729420.8,34238977.36533011,2548426.7519998737,4029612.031999952,722962448.3839563,103521867.09333648,10695916.277709952,1966.08,164691.9680000041,22603.775999999663,25559.04
LLAMA-13B,W16A16,GPU,80,0.4,93.07875894988067,1,2,DIGPIM,1,True,True,False,0,1024,1024,4,31875071200.0,104181099354.83871,105773465600.00044,463.8809656733839,18.583993107692308,415.84552478632475,0.0,12.718933932331884,8.71124676923077,8.021267077804296,43.83510139160286,33.944880000000545,8.94050283234192,0.02184533333333256,0.8912145147111971,2.2380790116524416,0.7464144882774024,5.956009332411574,0.0,0.02184533333333256,0.03665871121718378,0.33431796483054305,0.5568965498806502,905980806.0045812,769523519.0073035,69723750.4,40319145.301336415,10193707.007999495,16118448.127999809,723562397.6960435,136256771.4133326,45302353.439285554,7864.32,658767.8720000164,90415.10399999865,102236.16
LLAMA-13B,W16A16,GPU,80,0.4,93.07875894988067,1,2,DIGPIM,1,True,True,False,0,1024,1024,8,38584318400.0,208362198709.67743,211546931200.0009,909.9401707534106,27.875989661538462,830.0703524993042,0.0,19.078400898497826,17.42249353846154,15.492934155608593,44.26442450176501,34.29580000000051,8.950387383242289,0.04369066666666512,0.9012290294224384,2.2404079180121057,0.7475789414572452,5.962400523773721,0.0,0.04369066666666512,0.07331742243436756,0.3370359296610976,0.5641930997613291,1006661590.4600238,826357248.785345,79049523.2,48426035.88267047,20387414.01599899,32236896.255999617,724362330.1120076,179903310.5066635,100677382.929402,15728.64,1317535.7440000328,180830.2079999973,204472.32
LLAMA-13B,W16A16,GPU,80,0.4,93.07875894988067,1,2,DIGPIM,1,True,True,False,0,1024,1024,16,52002812800.0,416724397419.35486,423093862400.0018,1819.3307415068211,55.751979323076924,1660.1407049986085,0.0,38.15680179699565,34.84498707692308,30.43626831121718,46.135842469948095,35.76096000000076,9.219608232905887,0.08738133333333024,0.9212580588448627,2.4945174785904336,0.749907847816939,5.975182906498728,0.0,0.08738133333333024,0.14663484486873513,0.3424718593221963,0.5787861995226738,1230692639.5414972,970243935.712106,90151321.6,64639817.04533689,40774828.03199798,64473792.511999235,725962194.9439576,259646641.49332383,241646669.28011388,31457.28,2635071.4880000656,361660.4159999946,408944.64
LLAMA-13B,W16A16,GPU,80,0.4,93.07875894988067,1,2,DIGPIM,1,True,True,False,0,1920,128,1,26843135800.0,404575917354.3307,26813951999.99998,260.61494407257095,32.66717538461539,197.45492676923075,0.0,22.35750105292714,4.083396923076924,4.051943942720763,43.682812090005946,33.84871999999996,8.933089419164757,0.0054613333333333345,0.8837036286778049,2.2363323318826382,0.7455411483925313,5.951215938889552,0.0,0.0054613333333333345,0.011837708830548925,0.3322794912076369,0.5514241374701686,837395649.9610456,733823080.5317149,62729420.8,34238977.3653336,2548426.7520000166,4030185.4720000084,722962448.3840058,103521867.09333344,10695940.179714017,2539.52,164691.96800000037,22603.77599999996,25559.04
LLAMA-13B,W16A16,GPU,80,0.4,93.07875894988067,1,2,DIGPIM,1,True,True,False,0,1920,128,4,31875071200.0,1618303669417.3228,107255807999.99992,917.6947532613527,65.33435076923078,776.752836923077,0.0,44.71500210585428,16.333587692307695,14.558975770883054,43.84579351570792,33.944879999999884,8.940502832341192,0.021845333333333338,0.8912145147112235,2.238079011652392,0.7464144882774102,5.956009332411362,0.0,0.021845333333333338,0.0473508353221957,0.33431796483054904,0.5568965498806668,905983142.6347435,769523561.8774059,69723750.4,40319145.301333,10193707.008000067,16120741.888000034,723562397.6959943,136256771.41333306,45302396.30940724,10158.08,658767.8720000015,90415.10399999985,102236.16
LLAMA-13B,W16A16,GPU,80,0.4,93.07875894988067,1,2,DIGPIM,1,True,True,False,0,1920,128,8,38584318400.0,3236607338834.6455,214511615999.99985,1779.815230085163,98.00152615384616,1553.505673846154,0.0,67.07250315878143,32.66717538461539,28.568351541766106,44.28580874997669,34.295799999999915,8.950387383243179,0.043690666666666676,0.9012290294224332,2.2404079180120697,0.7475789414572509,5.962400523773855,0.0,0.043690666666666676,0.0947016706443914,0.3370359296610976,0.5641930997613357,1006666242.7875869,826357313.5929241,79049523.2,48426035.88266694,20387414.016000133,32241483.776000068,724362330.1119972,179903310.50666595,100677447.73692472,20316.16,1317535.744000003,180830.2079999997,204472.32
LLAMA-13B,W16A16,GPU,80,0.4,93.07875894988067,1,2,DIGPIM,1,True,True,False,0,1920,128,16,52002812800.0,6473214677669.291,429023231999.9997,3553.273362324172,196.00305230769231,3101.2038498461543,0.0,134.14500631756286,65.33435076923078,56.58710308353221,46.17861096637291,35.760959999999876,9.219608232906177,0.08738133333333335,0.9212580588448722,2.4945174785904762,0.7499078478169322,5.975182906498758,0.0,0.08738133333333335,0.1894033412887828,0.3424718593221955,0.5787861995226738,1230702828.1767485,970244949.3074278,90151321.6,64639817.04533401,40774828.032000266,64482967.552000135,725962194.9440058,259646641.4933331,241647682.87542427,40632.32,2635071.488000006,361660.4159999994,408944.64
LLAMA-13B,W16A16,GPU,80,0.4,93.07875894988067,1,2,DIGPIM,1,True,True,False,0,256,3840,1,28521267000.0,1692744178.7965617,26972774399.99957,29.371130633134264,0.7949333707707428,26.61769846153846,0.0,0.3974666853853714,0.5444529230769232,1.0165791923627685,43.68389012588845,33.8486524511577,8.933089419164377,0.005461333333333747,0.8837036286777,2.2363323318827666,0.7455411483925365,5.951215938889364,0.0,0.005461333333333747,0.012983293556085915,0.3322794912076442,0.5514241374700553,837360031.9922618,733787216.803184,62729420.8,34238977.36534418,2548426.75200049,4030431.2319993568,722962448.3842258,103521867.0933187,10660076.451088471,2785.28,164691.96799998553,22603.776000001184,25559.04
LLAMA-13B,W16A16,GPU,80,0.4,93.07875894988067,1,2,DIGPIM,1,True,True,False,0,256,3840,4,38587596000.0,6770976715.186247,107891097599.99828,110.5471734971479,1.5898667415414856,103.5670449230769,0.0,0.7949333707707428,2.1778116923076927,2.417516769451074,43.85031223388407,33.94481637926304,8.940502832341311,0.02184533333333499,0.8912145147112268,2.238079011652491,0.7464144882773943,5.956009332411306,0.0,0.02184533333333499,0.05193317422434366,0.33431796483056947,0.5568965498807392,905697284.7452579,769236720.9476792,69723750.4,40319145.3013193,10193707.00800196,16121724.927997427,723562397.6957741,136256771.41336334,45015555.37976415,11141.12,658767.8719999421,90415.10400000474,102236.16
LLAMA-13B,W16A16,GPU,80,0.4,93.07875894988067,1,2,DIGPIM,1,True,True,False,0,256,3840,8,52009368000.0,13541953430.372494,215782195199.99655,219.88030128779005,2.384800112312228,207.66204419580413,0.0,1.192400056156114,4.355623384615385,4.285433538902148,44.2949048578363,34.29573143006153,8.950387383244228,0.04369066666666998,0.9012290294224601,2.2404079180119174,0.7475789414573227,5.962400523774343,0.0,0.04369066666666998,0.10386634844868732,0.3370359296611334,0.5641930997613084,1005520959.2568078,825210063.9822534,79049523.2,48426035.88265988,20387414.01600392,32243449.855994854,724362330.1120647,179903310.50668505,99530198.12602998,22282.24,1317535.7439998842,180830.20800000947,204472.32
LLAMA-13B,W16A16,GPU,80,0.4,93.07875894988067,1,2,DIGPIM,1,True,True,False,0,256,3840,16,78852912000.0,27083906860.744987,431564390399.9931,439.73243897029647,4.769600224624456,415.84552478632475,0.0,2.384800112312228,8.71124676923077,8.021267077804296,46.196874356889474,35.7608940349034,9.219608232905067,0.08738133333333996,0.9212580588446813,2.4945174785905855,0.7499078478168684,5.975182906499227,0.0,0.08738133333333996,0.20773269689737464,0.3424718593221852,0.5787861995226738,1226116739.6679335,965654928.6387775,90151321.6,64639817.04532491,40774828.03200784,64486899.71198971,725962194.9442263,259646641.49332017,237057662.2067357,44564.48,2635071.4879997685,361660.41600001894,408944.64
LLAMA-13B,W16A16,GPU,80,0.4,93.07875894988067,1,2,DIGPIM,1,True,True,False,0,2048,2048,1,28521267000.0,26880017808.695652,27713945599.999355,278.9089551993701,37.167986215384616,207.66204419580413,0.0,25.43786786466377,4.355623384615385,4.285433538902148,43.689303736782506,33.84871999999878,8.933089419163807,0.005461333333333399,0.8837036286776878,2.236332331882589,0.7455411483925363,5.951215938889006,0.0,0.005461333333333399,0.018329355608591884,0.33227949120764555,0.5514241374701688,837397049.6979231,733823087.6286325,62729420.8,34238977.36533772,2548426.7520002783,4031578.1120001394,722962448.3840952,103521867.09333466,10695947.276617412,3932.16,164691.9680000057,22603.775999999358,25559.04
LLAMA-13B,W16A16,GPU,80,0.4,93.07875894988067,1,2,DIGPIM,1,True,True,False,0,2048,2048,4,38587596000.0,107520071234.78261,110855782399.99742,988.197488353471,74.33597243076923,830.0703524993042,0.0,50.87573572932754,17.42249353846154,15.492934155608593,43.87176010282278,33.94487999999881,8.940502832340973,0.021845333333333595,0.8912145147112519,2.2380790116523253,0.746414488277397,5.956009332411846,0.0,0.021845333333333595,0.07331742243436754,0.3343179648305453,0.5568965498806323,905988731.6098264,769523580.2924241,69723750.4,40319145.30132803,10193707.008001113,16126312.448000558,723562397.6959045,136256771.413329,45302414.724447176,15728.64,658767.8720000228,90415.10399999743,102236.16
LLAMA-13B,W16A16,GPU,80,0.4,93.07875894988067,1,2,DIGPIM,1,True,True,False,0,2048,2048,8,52009368000.0,215040142469.56522,221711564799.99484,1913.2395226268936,111.50395864615385,1660.1407049986085,0.0,76.3136035939913,34.84498707692308,30.43626831121718,44.33774192419457,34.29579999999912,8.950387383244081,0.04369066666666719,0.9012290294224532,2.240407918012136,0.7475789414572701,5.962400523773659,0.0,0.04369066666666719,0.14663484486873507,0.3370359296611041,0.564193099761315,1006677588.0913991,826357517.776798,79049523.2,48426035.88267094,20387414.016002227,32252624.896001115,724362330.1119571,179903310.50665554,100677651.92080446,31457.28,1317535.7440000456,180830.20799999486,204472.32
LLAMA-13B,W16A16,GPU,80,0.4,93.07875894988067,1,2,DIGPIM,1,True,True,False,0,2048,2048,16,78852912000.0,430080284939.13043,443423129599.9897,3825.929445253788,223.0079172923077,3320.281409997217,0.0,152.6272071879826,69.68997415384617,60.32293662243436,46.282477314815196,35.76095999999934,9.219608232907241,0.08738133333333438,0.9212580588448911,2.4945174785905375,0.7499078478169184,5.975182906498977,0.0,0.08738133333333438,0.29326968973747014,0.34247185932220137,0.5787861995226738,1230724226.0579317,970244064.9488003,90151321.6,64639817.04534423,40774828.03200445,64505249.79200223,725962194.9440964,259646641.493329,241646798.5167432,62914.56,2635071.488000091,361660.4159999897,408944.64
LLAMA-13B,W16A16,GPU,80,0.4,93.07875894988067,1,2,DIGPIM,1,True,True,False,0,3840,256,1,28521267000.0,426906130070.58826,28455116800.000114,624.196205943304,130.66870153846156,388.3764184615385,0.0,89.43000421170856,8.166793846153848,7.554287885441527,43.69464979883627,33.84872000000012,8.93308941916474,0.005461333333333358,0.8837036286778079,2.236332331882627,0.745541148392534,5.951215938889577,0.0,0.005461333333333358,0.023675417661097854,0.33227949120763783,0.5514241374701687,837398214.8606896,733823105.9113716,62729420.8,34238977.36533404,2548426.7520000315,4032724.9919999507,722962448.3840111,103521867.09333259,10695965.559366275,5079.04,164691.96799999897,22603.776000000085,25559.04
LLAMA-13B,W16A16,GPU,80,0.4,93.07875894988067,1,2,DIGPIM,1,True,True,False,0,3840,256,4,38587596000.0,1707624520282.353,113820467200.00046,2054.9386122728756,261.3374030769231,1553.505673846154,0.0,178.86000842341713,32.66717538461539,28.568351541766106,43.8931443510306,33.944879999999806,8.940502832341155,0.021845333333333432,0.8912145147112247,2.238079011652392,0.7464144882774126,5.95600933241135,0.0,0.021845333333333432,0.09470167064439142,0.33431796483055093,0.5568965498806744,905993325.0741814,769523586.236833,69723750.4,40319145.301332414,10193707.008000126,16130899.967999803,723562397.695989,136256771.41333547,45302420.66883765,20316.16,658767.8719999959,90415.10400000034,102236.16
LLAMA-13B,W16A16,GPU,80,0.4,93.07875894988067,1,2,DIGPIM,1,True,True,False,0,3840,256,8,52009368000.0,3415249040564.706,227640934400.00092,3883.4214209494266,392.00610461538463,3101.2038498461543,0.0,268.2900126351257,65.33435076923078,56.58710308353221,44.38051042062067,34.29580000000014,8.950387383243374,0.043690666666666864,0.9012290294224442,2.2404079180120817,0.7475789414572476,5.962400523773912,0.0,0.043690666666666864,0.18940334128878283,0.3370359296610976,0.5641930997613357,1006686650.5875665,826357405.232905,79049523.2,48426035.88266594,20387414.016000252,32261799.935999606,724362330.1120034,179903310.50666794,100677539.37689099,40632.32,1317535.7439999918,180830.20800000068,204472.32
LLAMA-13B,W16A16,GPU,80,0.4,93.07875894988067,1,2,DIGPIM,1,True,True,False,0,3840,256,16,78852912000.0,6830498081129.412,455281868800.00183,7764.841367437315,784.0122092307693,6200.95582523077,0.0,536.5800252702514,130.66870153846156,112.6246061670644,46.368014307662406,35.760959999999805,9.219608232905973,0.08738133333333373,0.9212580588448693,2.494517478590489,0.749907847816929,5.9751829064987065,0.0,0.08738133333333373,0.37880668257756567,0.3424718593221964,0.5787861995226738,1230743882.2574599,970245371.0681369,90151321.6,64639817.04533261,40774828.032000504,64523599.87199921,725962194.9440107,259646641.49333236,241648104.63613492,81264.64,2635071.4879999836,361660.41600000137,408944.64
LLAMA-65B,W16A16,GPU,80,0.4,93.07875894988067,1,2,DIGPIM,1,True,True,False,0,128,1920,1,134215761600.0,8618496949.828035,131751280640.00632,84.40158040134966,0.596200028078057,80.81876072415027,0.0,0.1987333426926857,0.9415195986482099,1.8463667077804296,116.31499211727788,67.73974511725126,46.76658585190833,0.01747626666666678,1.7704116117689706,11.528409939631882,3.9756372315036206,31.262538680773293,0.0,0.01747626666666678,0.020773269689737466,0.6653743718644473,1.1050372399045945,4303577550.832884,3761069391.584819,333477576.7039794,175277727.19786754,13047201.791999867,20623864.62720071,3701183768.166509,542349581.7898607,59358609.12074158,4456.448,527014.2975999999,72332.08320000414,81788.92799999975
LLAMA-65B,W16A16,GPU,80,0.4,93.07875894988067,1,2,DIGPIM,1,True,True,False,0,128,1920,4,150315989760.0,34473987799.31214,527005122560.02527,290.73591052062284,1.7886000842341714,280.7787448694966,0.0,0.596200028078057,3.484498707692308,4.087866831121718,118.47905882698318,68.54757340281627,47.98404083165886,0.06990506666666713,1.7944464470758492,12.727214488277701,3.978548364453067,31.27827797892868,0.0,0.06990506666666713,0.08309307875894986,0.6718974874577278,1.122548959618227,4686766049.769198,3976673327.31875,368750624.7680684,206330676.29227576,52188807.16799947,82495458.50880285,3703103605.964223,709458412.6122484,271461664.1640503,17825.792,2108057.1903999997,289328.33280001656,327155.711999999
LLAMA-65B,W16A16,GPU,80,0.4,93.07875894988067,1,2,DIGPIM,1,True,True,False,0,128,1920,8,171782960640.0,68947975598.62428,1054010245120.0505,579.577687670475,2.981000140390285,561.5574897389932,0.0,0.9936667134634284,6.968997415384616,7.0765336622434365,139.08126969591675,87.34036727462144,49.60841323631546,0.13981013333333425,1.8264928941517424,12.735495044222699,3.9824298750524645,32.890488317043086,0.0,0.13981013333333425,0.16618615751789972,0.68059497491554,1.1458979192363303,5232500927.633732,4320856387.798198,393887088.6400365,247734608.4181469,104377614.33599894,164990917.0176057,3705663389.6961665,910375920.1620404,610976883.7215345,35651.584,4216114.380799999,578656.6656000331,654311.423999998
LLAMA-65B,W16A16,GPU,80,0.4,93.07875894988067,1,2,DIGPIM,1,True,True,False,0,128,1920,16,214716902400.0,137895951197.24857,2108020490240.101,1137.8903913329825,5.96200028078057,1102.9491954700188,0.0,1.9873334269268568,13.937994830769233,13.053867324486873,229.86157433720803,174.68071078686748,52.678285180335706,0.2796202666666685,1.8905857883036308,12.752056156113754,3.9901928962515774,35.93603612796987,0.0,0.2796202666666685,0.33237231503579945,0.6979899498310491,1.1925958384724593,6230198259.491151,4941169557.011511,418440544.2560245,330542472.66984695,208755228.67199787,329981834.0352114,3710782957.1589136,1286491463.133879,1221954371.0908022,71303.168,8432228.761599999,1157313.3312000663,1308622.847999996
LLAMA-65B,W16A16,GPU,80,0.4,93.07875894988067,1,2,DIGPIM,1,True,True,False,0,1024,1024,1,134215761600.0,131710493608.91495,132937154559.99567,606.9059478566455,18.58399310769231,561.5574897389932,0.0,12.718933932331884,6.968997415384616,7.0765336622434365,116.32388069931906,67.74007999999893,46.76658585190869,0.017476266666666188,1.7704116117689965,11.528409939631969,3.975637231503617,31.262538680771744,0.0,0.017476266666666188,0.029326968973747015,0.6653743718644485,1.1050372399045658,4304623385.963201,3762113391.706218,333477576.70397615,175277727.19788158,13047201.79199962,20625699.635201804,3701183768.1664324,542349581.7898755,60402609.24214203,6291.456000000001,527014.2976000112,72332.0832000021,81788.92800000105
LLAMA-65B,W16A16,GPU,80,0.4,93.07875894988067,1,2,DIGPIM,1,True,True,False,0,1024,1024,4,150315989760.0,526841974435.6598,531748618239.98267,2344.6025988488313,55.751979323076924,2197.8092934182464,0.0,38.15680179699565,27.875989661538465,25.008534648973747,118.51362022130677,68.54792000000145,47.9840408316612,0.06990506666666475,1.7944464470759576,12.727214488277308,3.9785483644531987,31.27827797893029,0.0,0.06990506666666475,0.11730787589498806,0.6718974874577528,1.1225489596181129,4697213577.502003,3987113515.0208373,368750624.7680222,206330676.29225862,52188807.16799848,82502798.54080722,3703103605.964637,709458412.6123016,281901851.8659288,25165.824000000004,2108057.190400045,289328.3328000084,327155.7120000042
LLAMA-65B,W16A16,GPU,80,0.4,93.07875894988067,1,2,DIGPIM,1,True,True,False,0,1024,1024,8,171782960640.0,1053683948871.3196,1063497236479.9653,4571.543663137595,92.91996553846153,4310.359179316449,0.0,63.59466966165942,55.75197932307693,48.9178692979475,139.15013201558082,87.34079999999979,49.608413236319386,0.1398101333333295,1.8264928941518745,12.73549504422272,3.9824298750525435,32.89048831704177,0.0,0.1398101333333295,0.23461575178997612,0.6805949749155125,1.145897919236304,5265923004.05268,4354263784.153213,393887088.6399899,247734608.41812798,104377614.33599696,165005597.08161443,3705663389.6962795,910375920.1620715,644384280.0759437,50331.64800000001,4216114.38080009,578656.6656000168,654311.4240000084
LLAMA-65B,W16A16,GPU,80,0.4,93.07875894988067,1,2,DIGPIM,1,True,True,False,0,1024,1024,16,214716902400.0,2107367897742.6392,2126994472959.9307,8990.960641963578,185.83993107692305,8469.69087432129,0.0,127.18933932331883,111.50395864615386,96.73653859589498,229.99932273889672,174.68159999999958,52.67828518033588,0.279620266666659,1.8905857883035384,12.752056156114051,3.9901928962515774,35.93603612797255,0.0,0.279620266666659,0.46923150357995225,0.6979899498310421,1.192595838472583,6297044304.868975,5007986242.259895,418440544.25597787,330542472.6698497,208755228.6719939,330011194.16322887,3710782957.1587553,1286491463.1337504,1288771056.3395705,100663.29600000002,8432228.76160018,1157313.3312000337,1308622.8480000168
LLAMA-65B,W16A16,GPU,80,0.4,93.07875894988067,1,2,DIGPIM,1,True,True,False,0,1920,128,1,134215761600.0,2025125562255.1182,134123028480.00055,1133.1240419969795,65.33435076923078,997.7011183513417,0.0,44.71500210585428,13.066870153846155,12.306700616706443,116.33243439860009,67.74008000000023,46.76658585190688,0.017476266666666622,1.7704116117689794,11.528409939632171,3.975637231503573,31.262538680771,0.0,0.017476266666666622,0.037880668257756565,0.6653743718644369,1.1050372399045307,4304625236.178174,3762113406.9130907,333477576.70399874,175277727.1978666,13047201.791999977,20627534.643199917,3701183768.166386,542349581.7898681,60402624.4491006,8126.464,527014.297599999,72332.08319999998,81788.92799999996
LLAMA-65B,W16A16,GPU,80,0.4,93.07875894988067,1,2,DIGPIM,1,True,True,False,0,1920,128,4,150315989760.0,8100502249020.473,536492113920.0022,4419.149215112831,196.00305230769231,3990.804473405367,0.0,134.14500631756286,52.26748061538462,45.92920246682577,118.54783501843488,68.54792000000023,47.98404083166123,0.06990506666666649,1.7944464470758896,12.727214488277397,3.9785483644531867,31.27827797893072,0.0,0.06990506666666649,0.15152267303102626,0.6718974874577577,1.122548959618141,4697221747.401703,3987114344.8885717,368750624.7680034,206330676.29226783,52188807.16799991,82510138.57279967,3703103605.96478,709458412.6122693,281902681.7334103,32505.856,2108057.190399996,289328.3327999999,327155.7119999998
LLAMA-65B,W16A16,GPU,80,0.4,93.07875894988067,1,2,DIGPIM,1,True,True,False,0,1920,128,8,171782960640.0,16201004498040.945,1072984227840.0044,8727.149877350581,326.6717538461538,7981.608946810734,0.0,223.57501052927137,104.53496123076924,90.75920493365156,139.21856160986565,87.34079999999985,49.60841323631637,0.13981013333333298,1.8264928941517973,12.735495044222942,3.98242987505265,32.89048831704112,0.0,0.13981013333333298,0.3030453460620525,0.6805949749155132,1.1458979192362821,5265928084.0427475,4354254184.079036,393887088.64000267,247734608.41813326,104377614.33599982,165020277.14559934,3705663389.6960096,910375920.1621368,644374680.0022537,65011.712,4216114.380799992,578656.6655999998,654311.4239999996
LLAMA-65B,W16A16,GPU,80,0.4,93.07875894988067,1,2,DIGPIM,1,True,True,False,0,1920,128,16,214716902400.0,32402008996081.89,2145968455680.0088,17411.38657020885,653.3435076923076,15921.403909129162,0.0,447.15002105854273,209.06992246153848,180.4192098673031,230.1361819274325,174.6815999999997,52.67828518033639,0.27962026666666595,1.8905857883035881,12.752056156113973,3.9901928962515774,35.93603612797045,0.0,0.27962026666666595,0.606090692124105,0.6979899498310244,1.1925958384725532,6297089071.023726,5008001648.28671,418440544.25600225,330542472.66986954,208755228.67199963,330040554.2911987,3710782957.1583858,1286491463.1338673,1288786462.3667119,130023.424,8432228.761599984,1157313.3311999997,1308622.8479999993
LLAMA-65B,W16A16,GPU,80,0.4,93.07875894988067,1,2,DIGPIM,1,True,True,False,0,256,3840,1,139585126080.0,8638845923.459232,134631260159.98625,150.54960332272879,1.5898667415414856,143.82902044100953,0.0,0.7949333707707428,1.742249353846154,2.593533415560859,116.33597502874485,67.73995475905669,46.76658585190029,0.017476266666665425,1.7704116117686621,11.528409939632256,3.975637231503624,31.26253868076593,0.0,0.017476266666665425,0.04154653937947495,0.6653743718643805,1.1050372399046107,4304243653.018757,3761731037.3233833,333477576.7040874,175277727.1978409,13047201.792002102,20628321.07519128,3701183768.167158,542349581.7897004,60020254.8586433,8912.896,527014.2976000041,72332.08320000088,81788.92799999607
LLAMA-65B,W16A16,GPU,80,0.4,93.07875894988067,1,2,DIGPIM,1,True,True,False,0,256,3840,4,171793447680.0,34555383693.83693,538525040639.945,582.757421153558,4.769600224624456,561.5574897389932,0.0,2.384800112312228,6.968997415384616,7.0765336622434365,118.56236859412617,68.54779009116587,47.98404083166048,0.0699050666666617,1.7944464470756156,12.727214488278609,3.9785483644533026,31.278277978924166,0.0,0.0699050666666617,0.1661861575178998,0.6718974874577697,1.1225489596180733,4693399865.245986,3983289317.005295,368750624.7679386,206330676.29229683,52188807.16800841,82513284.30076513,3703103605.9647665,709458412.612369,278077653.8497855,35651.584,2108057.1904000165,289328.3328000035,327155.7119999843
LLAMA-65B,W16A16,GPU,80,0.4,93.07875894988067,1,2,DIGPIM,1,True,True,False,0,256,3840,8,214737876480.0,69110767387.67386,1077050081279.89,1141.8650581868362,7.949333707707427,1102.9491954700188,0.0,3.9746668538537135,13.937994830769233,13.053867324486873,139.24772561977016,87.34063704089732,49.60841323630143,0.1398101333333234,1.826492894151878,12.735495044223489,3.982429875052803,32.89048831703455,0.0,0.1398101333333234,0.3323723150357996,0.6805949749155558,1.1458979192361058,5253707121.145003,4342026929.723591,393887088.64006394,247734608.41811404,104377614.33601682,165026568.60153025,3705663389.695583,910375920.1620531,632147425.6469531,71303.168,4216114.380800033,578656.665600007,654311.4239999686
LLAMA-65B,W16A16,GPU,80,0.4,93.07875894988067,1,2,DIGPIM,1,True,True,False,0,256,3840,16,300626734080.0,138221534775.34772,2154100162559.78,2274.541818851881,15.898667415414854,2197.8092934182464,0.0,7.949333707707427,27.875989661538465,25.008534648973747,230.19449806909265,174.68126220370195,52.67828518034424,0.2796202666666468,1.8905857883036037,12.752056156113584,3.9901928962519615,35.936036127971626,0.0,0.2796202666666468,0.6647446300715992,0.697989949831053,1.1925958384726367,6272610290.00974,4983510284.360022,418440544.2560985,330542472.6699846,208755228.67203364,330053137.2030605,3710782957.158046,1286491463.1338363,1264295098.441601,142606.336,8432228.761600066,1157313.331200014,1308622.8479999371
LLAMA-65B,W16A16,GPU,80,0.4,93.07875894988067,1,2,DIGPIM,1,True,True,False,0,2048,2048,1,139585126080.0,134358043553.45383,137003008000.00949,1255.152765785372,74.33597243076925,1102.9491954700188,0.0,50.87573572932754,13.937994830769233,13.053867324486873,116.35320766828686,67.74008000000238,46.76658585190659,0.01747626666666684,1.7704116117689686,11.528409939631874,3.9756372315036215,31.262538680773485,0.0,0.01747626666666684,0.058653937947494066,0.6653743718644388,1.1050372399045962,4304629799.3693695,3762113513.6573906,333477576.7039796,175277727.19786584,13047201.791999998,20631991.091200616,3701183768.166493,542349581.7898597,60402731.193334,12582.912,527014.2975999966,72332.08320000429,81788.92799999929
LLAMA-65B,W16A16,GPU,80,0.4,93.07875894988067,1,2,DIGPIM,1,True,True,False,0,2048,2048,4,171793447680.0,537432174213.8153,548012032000.03796,4790.664152417763,223.0079172923077,4310.359179316449,0.0,152.6272071879826,55.75197932307693,48.9178692979475,118.63092809720044,68.54792000000266,47.98404083165789,0.06990506666666736,1.7944464470758201,12.727214488277816,3.9785483644530486,31.278277978928486,0.0,0.06990506666666736,0.23461575178997626,0.6718974874577341,1.122548959618237,4697238917.201874,3987113688.8953223,368750624.76805246,206330676.29227513,52188807.16799999,82527964.36480246,3703103605.9641933,709458412.6122541,281902025.7406052,50331.648,2108057.190399986,289328.33280001715,327155.71199999715
LLAMA-65B,W16A16,GPU,80,0.4,93.07875894988067,1,2,DIGPIM,1,True,True,False,0,2048,2048,8,214737876480.0,1074864348427.6306,1096024064000.0759,9303.98991236382,371.6798621538461,8469.69087432129,0.0,254.37867864663767,111.50395864615386,96.73653859589498,139.38474776735538,87.34079999999979,49.608413236313346,0.13981013333333472,1.8264928941517196,12.735495044222695,3.9824298750524583,32.89048831704325,0.0,0.13981013333333472,0.4692315035799525,0.680594974915542,1.145897919236332,5265973980.578732,4354264429.031132,393887088.640044,247734608.4181504,104377614.33599998,165055928.72960493,3705663389.6960936,910375920.1620497,644384924.9545859,100663.296,4216114.380799972,578656.6656000343,654311.4239999943
LLAMA-65B,W16A16,GPU,80,0.4,93.07875894988067,1,2,DIGPIM,1,True,True,False,0,2048,2048,16,300626734080.0,2149728696855.2612,2192048128000.1519,18606.88062472764,743.3597243076922,16939.38174864258,0.0,508.75735729327533,223.00791729230772,192.37387719178992,230.46855424246183,174.68159999999958,52.67828518033631,0.27962026666666945,1.8905857883036492,12.752056156113733,3.9901928962515774,35.93603612796962,0.0,0.27962026666666945,0.938463007159905,0.6979899498310497,1.1925958384724502,6297143595.245793,5007984869.342385,418440544.25603855,330542472.6698467,208755228.67199996,330111857.45920986,3710782957.158903,1286491463.1338902,1288769683.4216292,201326.592,8432228.761599945,1157313.3312000686,1308622.8479999886
LLAMA-65B,W16A16,GPU,80,0.4,93.07875894988067,1,2,DIGPIM,1,True,True,False,0,3840,256,1,139585126080.0,2093717605195.2942,139374755839.99875,2485.247589744129,261.3374030769231,1995.4022367026835,0.0,178.86000842341713,26.13374030769231,23.514201233412887,116.37031506686026,67.74008000000039,46.766585851907095,0.01747626666666686,1.770411611768973,11.528409939632157,3.975637231503592,31.262538680771307,0.0,0.01747626666666686,0.0757613365155131,0.6653743718644373,1.1050372399045423,4304633634.728051,3762113678.998995,333477576.7040059,175277727.19786668,13047201.791999944,20635661.107200168,3701183768.1663375,542349581.789867,60402896.53507012,16252.927999999998,527014.2976000027,72332.08319999966,81788.92799999974
LLAMA-65B,W16A16,GPU,80,0.4,93.07875894988067,1,2,DIGPIM,1,True,True,False,0,3840,256,4,171793447680.0,8374870420781.177,557499023359.995,9497.495347476175,784.0122092307693,7981.608946810734,0.0,536.5800252702514,104.53496123076924,90.75920493365156,118.69935769146423,68.5479199999999,47.984040831661204,0.06990506666666745,1.7944464470758785,12.727214488277346,3.9785483644531876,31.278277978930852,0.0,0.06990506666666745,0.3030453460620524,0.6718974874577585,1.1225489596181264,4697255035.939045,3987115127.569998,368750624.76799446,206330676.29226995,52188807.167999774,82542644.42880067,3703103605.964832,709458412.6122675,281903464.4147903,65011.71199999999,2108057.190400011,289328.33279999864,327155.71199999895
LLAMA-65B,W16A16,GPU,80,0.4,93.07875894988067,1,2,DIGPIM,1,True,True,False,0,3840,256,8,214737876480.0,16749740841562.354,1114998046719.99,18511.8800989597,1306.6870153846153,15921.403909129162,0.0,894.3000421170855,209.06992246153848,180.4192098673031,139.5216069559273,87.3407999999998,49.608413236316956,0.1398101333333349,1.8264928941517724,12.735495044222878,3.98242987505265,32.89048831704112,0.0,0.1398101333333349,0.6060906921241048,0.6805949749155146,1.1458979192362866,5266002329.68031,4354263418.0043125,393887088.64000255,247734608.41813305,104377614.33599955,165085288.85760134,3705663389.6959524,910375920.162147,644383913.9276197,130023.42399999998,4216114.380800022,578656.6655999973,654311.4239999979
LLAMA-65B,W16A16,GPU,80,0.4,93.07875894988067,1,2,DIGPIM,1,True,True,False,0,3840,256,16,300626734080.0,33499481683124.707,2229996093439.98,36966.37068179067,2613.3740307692306,31786.51750212959,0.0,1788.600084234171,418.13984492307696,359.7392197346061,230.7422726195542,174.6815999999996,52.6782851803367,0.2796202666666698,1.8905857883036115,12.75205615611397,3.9901928962515774,35.93603612797091,0.0,0.2796202666666698,1.2121813842482096,0.6979899498310234,1.19259583847257,6297204613.66174,5007987167.500587,418440544.25600547,330542472.6698666,208755228.6719991,330170577.7152027,3710782957.1583524,1286491463.1338673,1288771981.5807297,260046.84799999997,8432228.761600044,1157313.3311999945,1308622.8479999958
LLAMA-13B,W16A16,GPU,112,0.2,93.07875894988067,1,2,DIGPIM,1,True,True,False,0,128,1920,1,26843135800.0,1686122775.612298,26072780800.000538,14.96158599758533,0.2981000140390285,13.36245484144101,0.0,0.09936667134634285,0.41857487457756565,0.7830895961813843,43.699936580413954,33.86469890568121,8.933089419163856,0.005461333333333327,0.883703628677707,2.2363323318825965,0.7455411483925363,5.951215938889034,0.0,0.005461333333333327,0.012983293556085919,0.3322794912076454,0.5514241374701688,847894770.2135167,744323347.6641974,62729420.8,34238977.3653368,2548426.752000248,4029038.5920000994,722962448.3840789,103521867.09333822,21196207.312191103,1392.64,164691.9680000066,22603.77599999938,25559.04
LLAMA-13B,W16A16,GPU,112,0.2,93.07875894988067,1,2,DIGPIM,1,True,True,False,0,128,1920,4,31875071200.0,6744491102.449192,104291123200.00215,55.15092006318858,0.596200028078057,51.78352246153845,0.0,0.1987333426926857,1.0889058461538463,1.4835583847255371,44.201114343408555,34.29561848879524,8.940502832341057,0.021845333333333307,0.8912145147112448,2.2380790116523346,0.7464144882773974,5.956009332411922,0.0,0.021845333333333307,0.051933174224343674,0.3343179648305413,0.5568965498806335,958221321.1442927,821766327.9068923,69723750.4,40319145.301328674,10193707.008000992,16116154.368000397,723562397.6959211,136256771.4133296,97545162.33891553,5570.56,658767.8720000264,90415.10399999752,102236.16
LLAMA-13B,W16A16,GPU,112,0.2,93.07875894988067,1,2,DIGPIM,1,True,True,False,0,128,1920,8,38584318400.0,13488982204.898384,208582246400.0043,109.35477344099179,0.8943000421170856,103.5670449230769,0.0,0.2981000140390285,2.1778116923076927,2.417516769451074,45.759957773787484,35.760784346012834,8.950387383243926,0.043690666666666614,0.9012290294224522,2.2404079180121337,0.7475789414572626,5.962400523773521,0.0,0.043690666666666614,0.10386634844868735,0.3370359296610999,0.564193099761316,1135098008.8885324,954798254.7339721,79049523.2,48426035.88267191,20387414.016001984,32232308.736000795,724362330.1119456,179903310.50665283,229118388.87793523,11141.12,1317535.7440000528,180830.20799999504,204472.32
LLAMA-13B,W16A16,GPU,112,0.2,93.07875894988067,1,2,DIGPIM,1,True,True,False,0,128,1920,16,52002812800.0,26977964409.79677,417164492800.0086,218.68790123163393,1.7886000842341712,207.66204419580413,0.0,0.596200028078057,4.355623384615385,4.285433538902148,77.98088641890556,67.54490609692365,9.219608232907138,0.08738133333333323,0.9212580588448861,2.4945174785905304,0.7499078478169257,5.9751829064988184,0.0,0.08738133333333323,0.2077326968973747,0.34247185932220464,0.5787861995226738,1447271832.904084,1186832304.1149879,90151321.6,64639817.045343734,40774828.03200397,64464617.47200159,725962194.9440796,259646641.4933269,458235037.68291575,22282.24,2635071.4880001056,361660.4159999901,408944.64
LLAMA-13B,W16A16,GPU,112,0.2,93.07875894988067,1,2,DIGPIM,1,True,True,False,0,1024,1024,1,26843135800.0,26045274838.70968,26443366400.00011,123.81383690484776,9.291996553846154,103.5670449230769,0.0,6.359466966165942,2.1778116923076927,2.417516769451074,43.705463736785745,33.86487999999957,8.933089419164464,0.00546133333333314,0.8837036286778154,2.236332331882679,0.745541148392536,5.951215938889424,0.0,0.00546133333333314,0.01832935560859189,0.3322794912076424,0.5514241374701688,848091104.8184967,744519108.8291038,62729420.8,34238977.36533011,2548426.7519998737,4029612.031999952,722962448.3839563,103521867.09333648,21391968.477123443,1966.08,164691.9680000041,22603.775999999663,25559.04
LLAMA-13B,W16A16,GPU,112,0.2,93.07875894988067,1,2,DIGPIM,1,True,True,False,0,1024,1024,4,31875071200.0,104181099354.83871,105773465600.00044,463.8809656733839,18.583993107692308,415.84552478632475,0.0,12.718933932331884,8.71124676923077,8.021267077804296,44.222680102820185,34.29580000000051,8.94050283234192,0.02184533333333256,0.8912145147111971,2.2380790116524416,0.7464144882774024,5.956009332411574,0.0,0.02184533333333256,0.07331742243436756,0.33431796483054305,0.5568965498806502,961355701.8012587,824898414.8039768,69723750.4,40319145.301336415,10193707.007999495,16118448.127999809,723562397.6960435,136256771.4133326,100677249.23596199,7864.32,658767.8720000164,90415.10399999865,102236.16
LLAMA-13B,W16A16,GPU,112,0.2,93.07875894988067,1,2,DIGPIM,1,True,True,False,0,1024,1024,8,38584318400.0,208362198709.67743,211546931200.0009,909.9401707534106,27.875989661538462,830.0703524993042,0.0,19.078400898497826,17.42249353846154,15.492934155608593,45.80290192419933,35.76096000000076,8.950387383242289,0.04369066666666512,0.9012290294224384,2.2404079180121057,0.7475789414572452,5.962400523773721,0.0,0.04369066666666512,0.14663484486873513,0.3370359296610976,0.5641930997613291,1147630609.423837,967326267.7491534,79049523.2,48426035.88267047,20387414.01599899,32236896.255999617,724362330.1120076,179903310.5066635,241646401.8932339,15728.64,1317535.7440000328,180830.2079999973,204472.32
LLAMA-13B,W16A16,GPU,112,0.2,93.07875894988067,1,2,DIGPIM,1,True,True,False,0,1024,1024,16,52002812800.0,416724397419.35486,423093862400.0018,1819.3307415068211,55.751979323076924,1660.1407049986085,0.0,38.15680179699565,34.84498707692308,30.43626831121718,78.06671731481433,67.54520000000112,9.219608232905887,0.08738133333333024,0.9212580588448627,2.4945174785904336,0.749907847816939,5.975182906498728,0.0,0.08738133333333024,0.29326968973747025,0.3424718593221963,0.5787861995226738,1472336624.2922034,1211887920.462847,90151321.6,64639817.04533689,40774828.03199798,64473792.511999235,725962194.9439576,259646641.49332383,483290654.0308471,31457.28,2635071.4880000656,361660.4159999946,408944.64
LLAMA-13B,W16A16,GPU,112,0.2,93.07875894988067,1,2,DIGPIM,1,True,True,False,0,1920,128,1,26843135800.0,404575917354.3307,26813951999.99998,260.61494407257095,32.66717538461539,197.45492676923075,0.0,22.35750105292714,4.083396923076924,4.051943942720763,43.7108097988366,33.86488000000006,8.933089419164757,0.0054613333333333345,0.8837036286778049,2.2363323318826382,0.7455411483925313,5.951215938889552,0.0,0.0054613333333333345,0.02367541766109785,0.3322794912076369,0.5514241374701686,848091696.8901793,744519127.4608489,62729420.8,34238977.3653336,2548426.7520000166,4030185.4720000084,722962448.3840058,103521867.09333344,21391987.10884788,2539.52,164691.96800000037,22603.77599999996,25559.04
LLAMA-13B,W16A16,GPU,112,0.2,93.07875894988067,1,2,DIGPIM,1,True,True,False,0,1920,128,4,31875071200.0,1618303669417.3228,107255807999.99992,917.6947532613527,65.33435076923078,776.752836923077,0.0,44.71500210585428,16.333587692307695,14.558975770883054,44.244064351030225,34.295799999999915,8.940502832341192,0.021845333333333338,0.8912145147112235,2.238079011652392,0.7464144882774102,5.956009332411362,0.0,0.021845333333333338,0.0947016706443914,0.33431796483054904,0.5568965498806668,961358021.3749017,824898440.6175628,69723750.4,40319145.301333,10193707.008000067,16120741.888000034,723562397.6959943,136256771.41333306,100677275.04956473,10158.08,658767.8720000015,90415.10399999985,102236.16
LLAMA-13B,W16A16,GPU,112,0.2,93.07875894988067,1,2,DIGPIM,1,True,True,False,0,1920,128,8,38584318400.0,3236607338834.6455,214511615999.99985,1779.815230085163,98.00152615384616,1553.505673846154,0.0,67.07250315878143,32.66717538461539,28.568351541766106,45.845670420620884,35.760959999999876,8.950387383243179,0.043690666666666676,0.9012290294224332,2.2404079180120697,0.7475789414572509,5.962400523773855,0.0,0.043690666666666676,0.1894033412887828,0.3370359296610976,0.5641930997613357,1147636132.5513668,967327203.3567088,79049523.2,48426035.88266694,20387414.016000133,32241483.776000068,724362330.1119972,179903310.50666595,241647337.50070423,20316.16,1317535.744000003,180830.2079999997,204472.32
LLAMA-13B,W16A16,GPU,112,0.2,93.07875894988067,1,2,DIGPIM,1,True,True,False,0,1920,128,16,52002812800.0,6473214677669.291,429023231999.9997,3553.273362324172,196.00305230769231,3101.2038498461543,0.0,134.14500631756286,65.33435076923078,56.58710308353221,78.15225430766196,67.5451999999999,9.219608232906177,0.08738133333333335,0.9212580588448722,2.4945174785904762,0.7499078478169322,5.975182906498758,0.0,0.08738133333333335,0.3788066825775656,0.3424718593221955,0.5787861995226738,1472350072.2712357,1211892193.4019175,90151321.6,64639817.04533401,40774828.032000266,64482967.552000135,725962194.9440058,259646641.4933331,483294926.9699124,40632.32,2635071.488000006,361660.4159999994,408944.64
LLAMA-13B,W16A16,GPU,112,0.2,93.07875894988067,1,2,DIGPIM,1,True,True,False,0,256,3840,1,28521267000.0,1692744178.7965617,26972774399.99957,29.371130633134264,0.7949333707707428,26.61769846153846,0.0,0.3974666853853714,0.5444529230769232,1.0165791923627685,43.71303258589701,33.86481161761072,8.933089419164377,0.005461333333333747,0.8837036286777,2.2363323318827666,0.7455411483925365,5.951215938889364,0.0,0.005461333333333747,0.02596658711217183,0.3322794912076442,0.5514241374700553,848020223.2920799,744447408.1029985,62729420.8,34238977.36534418,2548426.75200049,4030431.2319993568,722962448.3842258,103521867.0933187,21320267.750906136,2785.28,164691.96799998553,22603.776000001184,25559.04
LLAMA-13B,W16A16,GPU,112,0.2,93.07875894988067,1,2,DIGPIM,1,True,True,False,0,256,3840,4,38587596000.0,6770976715.186247,107891097599.99828,110.5471734971479,1.5898667415414856,103.5670449230769,0.0,0.7949333707707428,2.1778116923076927,2.417516769451074,44.253160458905825,34.29573143006153,8.940502832341311,0.02184533333333499,0.8912145147112268,2.238079011652491,0.7464144882773943,5.956009332411306,0.0,0.02184533333333499,0.10386634844868732,0.33431796483056947,0.5568965498807392,960211738.0924909,823751174.2949189,69723750.4,40319145.3013193,10193707.00800196,16121724.927997427,723562397.6957741,136256771.41336334,99530008.72698997,11141.12,658767.8719999421,90415.10400000474,102236.16
LLAMA-13B,W16A16,GPU,112,0.2,93.07875894988067,1,2,DIGPIM,1,True,True,False,0,256,3840,8,52009368000.0,13541953430.372494,215782195199.99655,219.88030128779005,2.384800112312228,207.66204419580413,0.0,1.192400056156114,4.355623384615385,4.285433538902148,45.86393381112934,35.7608940349034,8.950387383244228,0.04369066666666998,0.9012290294224601,2.2404079180119174,0.7475789414573227,5.962400523774343,0.0,0.04369066666666998,0.20773269689737464,0.3370359296611334,0.5641930997613084,1143048044.53949,962737149.2648822,79049523.2,48426035.88265988,20387414.01600392,32243449.855994854,724362330.1120647,179903310.50668505,237057283.40865567,22282.24,1317535.7439998842,180830.20800000947,204472.32
LLAMA-13B,W16A16,GPU,112,0.2,93.07875894988067,1,2,DIGPIM,1,True,True,False,0,256,3840,16,78852912000.0,27083906860.744987,431564390399.9931,439.73243897029647,4.769600224624456,415.84552478632475,0.0,2.384800112312228,8.71124676923077,8.021267077804296,78.1888061160593,67.54509309716404,9.219608232905067,0.08738133333333996,0.9212580588446813,2.4945174785905855,0.7499078478168684,5.975182906499227,0.0,0.08738133333333996,0.4154653937947493,0.3424718593221852,0.5787861995226738,1463172376.5525477,1202710565.5233502,90151321.6,64639817.04532491,40774828.03200784,64486899.71198971,725962194.9442263,259646641.49332017,474113299.091341,44564.48,2635071.4879997685,361660.41600001894,408944.64
LLAMA-13B,W16A16,GPU,112,0.2,93.07875894988067,1,2,DIGPIM,1,True,True,False,0,2048,2048,1,28521267000.0,26880017808.695652,27713945599.999355,278.9089551993701,37.167986215384616,207.66204419580413,0.0,25.43786786466377,4.355623384615385,4.285433538902148,43.72379309239406,33.86488000000093,8.933089419163807,0.005461333333333399,0.8837036286776878,2.236332331882589,0.7455411483925363,5.951215938889006,0.0,0.005461333333333399,0.03665871121718377,0.33227949120764555,0.5514241374701688,848093083.0345087,744519120.9652253,62729420.8,34238977.36533772,2548426.7520002783,4031578.1120001394,722962448.3840952,103521867.09333466,21391980.61320754,3932.16,164691.9680000057,22603.775999999358,25559.04
LLAMA-13B,W16A16,GPU,112,0.2,93.07875894988067,1,2,DIGPIM,1,True,True,False,0,2048,2048,4,38587596000.0,107520071234.78261,110855782399.99742,988.197488353471,74.33597243076923,830.0703524993042,0.0,50.87573572932754,17.42249353846154,15.492934155608593,44.29599752525874,34.29579999999912,8.940502832340973,0.021845333333333595,0.8912145147112519,2.2380790116523253,0.746414488277397,5.956009332411846,0.0,0.021845333333333595,0.14663484486873507,0.3343179648305453,0.5568965498806323,961363701.4193181,824898550.1018902,69723750.4,40319145.30132803,10193707.008001113,16126312.448000558,723562397.6959045,136256771.413329,100677384.53392445,15728.64,658767.8720000228,90415.10399999743,102236.16
LLAMA-13B,W16A16,GPU,112,0.2,93.07875894988067,1,2,DIGPIM,1,True,True,False,0,2048,2048,8,52009368000.0,215040142469.56522,221711564799.99484,1913.2395226268936,111.50395864615385,1660.1407049986085,0.0,76.3136035939913,34.84498707692308,30.43626831121718,45.94953676906218,35.76095999999934,8.950387383244081,0.04369066666666719,0.9012290294224532,2.240407918012136,0.7475789414572701,5.962400523773659,0.0,0.04369066666666719,0.29326968973747014,0.3370359296611041,0.564193099761315,1147646199.9135818,967326129.5990596,79049523.2,48426035.88267094,20387414.016002227,32252624.896001115,724362330.1119571,179903310.50665554,241646263.74298325,31457.28,1317535.7440000456,180830.20799999486,204472.32
LLAMA-13B,W16A16,GPU,112,0.2,93.07875894988067,1,2,DIGPIM,1,True,True,False,0,2048,2048,16,78852912000.0,430080284939.13043,443423129599.9897,3825.929445253788,223.0079172923077,3320.281409997217,0.0,152.6272071879826,69.68997415384617,60.32293662243436,78.35998700455914,67.5451999999984,9.219608232907241,0.08738133333333438,0.9212580588448911,2.4945174785905375,0.7499078478169184,5.975182906498977,0.0,0.08738133333333438,0.5865393794749403,0.34247185932220137,0.5787861995226738,1472369340.2738364,1211889179.1647525,90151321.6,64639817.04534423,40774828.03200445,64505249.79200223,725962194.9440964,259646641.493329,483291912.732669,62914.56,2635071.488000091,361660.4159999897,408944.64
LLAMA-13B,W16A16,GPU,112,0.2,93.07875894988067,1,2,DIGPIM,1,True,True,False,0,3840,256,1,28521267000.0,426906130070.58826,28455116800.000114,624.196205943304,130.66870153846156,388.3764184615385,0.0,89.43000421170856,8.166793846153848,7.554287885441527,43.734485216497184,33.8648799999999,8.93308941916474,0.005461333333333358,0.8837036286778079,2.236332331882627,0.745541148392534,5.951215938889577,0.0,0.005461333333333358,0.04735083532219571,0.33227949120763783,0.5514241374701687,848094227.8802979,744519118.9309791,62729420.8,34238977.36533404,2548426.7520000315,4032724.9919999507,722962448.3840111,103521867.09333259,21391978.578974117,5079.04,164691.96799999897,22603.776000000085,25559.04
LLAMA-13B,W16A16,GPU,112,0.2,93.07875894988067,1,2,DIGPIM,1,True,True,False,0,3840,256,4,38587596000.0,1707624520282.353,113820467200.00046,2054.9386122728756,261.3374030769231,1553.505673846154,0.0,178.86000842341713,32.66717538461539,28.568351541766106,44.33876602167507,34.29580000000014,8.940502832341155,0.021845333333333432,0.8912145147112247,2.238079011652392,0.7464144882774126,5.95600933241135,0.0,0.021845333333333432,0.18940334128878283,0.33431796483055093,0.5568965498806744,961368098.4075149,824898359.5701671,69723750.4,40319145.301332414,10193707.008000126,16130899.967999803,723562397.695989,136256771.41333547,100677194.002171,20316.16,658767.8719999959,90415.10400000034,102236.16
LLAMA-13B,W16A16,GPU,112,0.2,93.07875894988067,1,2,DIGPIM,1,True,True,False,0,3840,256,8,52009368000.0,3415249040564.706,227640934400.00092,3883.4214209494266,392.00610461538463,3101.2038498461543,0.0,268.2900126351257,65.33435076923078,56.58710308353221,46.035073761909366,35.760959999999805,8.950387383243374,0.043690666666666864,0.9012290294224442,2.2404079180120817,0.7475789414572476,5.962400523773912,0.0,0.043690666666666864,0.37880668257756567,0.3370359296610976,0.5641930997613357,1147656525.0973737,967327279.7427093,79049523.2,48426035.88266594,20387414.016000252,32261799.935999606,724362330.1120034,179903310.50666794,241647413.8866949,40632.32,1317535.7439999918,180830.20800000068,204472.32
LLAMA-13B,W16A16,GPU,112,0.2,93.07875894988067,1,2,DIGPIM,1,True,True,False,0,3840,256,16,78852912000.0,6830498081129.412,455281868800.00183,7764.841367437315,784.0122092307693,6200.95582523077,0.0,536.5800252702514,130.66870153846156,112.6246061670644,78.53106099024183,67.54520000000034,9.219608232905973,0.08738133333333373,0.9212580588448693,2.494517478590489,0.749907847816929,5.9751829064987065,0.0,0.08738133333333373,0.7576133651551313,0.3424718593221964,0.5787861995226738,1472389755.1986423,1211891244.0093112,90151321.6,64639817.04533261,40774828.032000504,64523599.87199921,725962194.9440107,259646641.49333236,483293977.57731134,81264.64,2635071.4879999836,361660.41600000137,408944.64
LLAMA-65B,W16A16,GPU,112,0.2,93.07875894988067,1,2,DIGPIM,1,True,True,False,0,128,1920,1,134215761600.0,8618496949.828035,131751280640.00632,84.40158040134966,0.596200028078057,80.81876072415027,0.0,0.1987333426926857,0.9415195986482099,1.8463667077804296,116.4635142144778,67.86749394476617,46.76658585190833,0.01747626666666678,1.7704116117689706,11.528409939631882,3.9756372315036206,31.262538680773293,0.0,0.01747626666666678,0.04154653937947493,0.6653743718644473,1.1050372399045945,4368607345.559281,3826099186.3112335,333477576.7039794,175277727.19786754,13047201.791999867,20623864.62720071,3701183768.166509,542349581.7898607,124388403.84716158,4456.448,527014.2975999999,72332.08320000414,81788.92799999975
LLAMA-65B,W16A16,GPU,112,0.2,93.07875894988067,1,2,DIGPIM,1,True,True,False,0,128,1920,4,150315989760.0,34473987799.31214,527005122560.02527,290.73591052062284,1.7886000842341714,280.7787448694966,0.0,0.596200028078057,3.484498707692308,4.087866831121718,137.35494577755352,87.34036727462144,47.98404083165886,0.06990506666666713,1.7944464470758492,12.727214488277701,3.978548364453067,31.27827797892868,0.0,0.06990506666666713,0.16618615751789972,0.6718974874577278,1.122548959618227,5026280966.288339,4316188243.837797,368750624.7680684,206330676.29227576,52188807.16799947,82495458.50880285,3703103605.964223,709458412.6122484,610976580.6830705,17825.792,2108057.1903999997,289328.33280001656,327155.711999999
LLAMA-65B,W16A16,GPU,112,0.2,93.07875894988067,1,2,DIGPIM,1,True,True,False,0,128,1920,8,171782960640.0,68947975598.62428,1054010245120.0505,579.577687670475,2.981000140390285,561.5574897389932,0.0,0.9936667134634284,6.968997415384616,7.0765336622434365,226.58779936571008,174.68071078686748,49.60841323631546,0.13981013333333425,1.8264928941517424,12.735495044222699,3.9824298750524645,32.890488317043086,0.0,0.13981013333333425,0.33237231503579945,0.68059497491554,1.1458979192363303,5843477808.926002,4931833269.090336,393887088.6400365,247734608.4181469,104377614.33599894,164990917.0176057,3705663389.6961665,910375920.1620404,1221953765.0138743,35651.584,4216114.380799999,578656.6656000331,654311.423999998
LLAMA-65B,W16A16,GPU,112,0.2,93.07875894988067,1,2,DIGPIM,1,True,True,False,0,128,1920,16,214716902400.0,137895951197.24857,2108020490240.101,1137.8903913329825,5.96200028078057,1102.9491954700188,0.0,1.9873334269268568,13.937994830769233,13.053867324486873,404.8746991274857,349.3614632621157,52.678285180335706,0.2796202666666685,1.8905857883036308,12.752056156113754,3.9901928962515774,35.93603612796987,0.0,0.2796202666666685,0.6647446300715989,0.6979899498310491,1.1925958384724593,7452155103.680465,6163126401.200997,418440544.2560245,330542472.66984695,208755228.67199787,329981834.0352114,3710782957.1589136,1286491463.133879,2443911215.280484,71303.168,8432228.761599999,1157313.3312000663,1308622.847999996
LLAMA-65B,W16A16,GPU,112,0.2,93.07875894988067,1,2,DIGPIM,1,True,True,False,0,1024,1024,1,134215761600.0,131710493608.91495,132937154559.99567,606.9059478566455,18.58399310769231,561.5574897389932,0.0,12.718933932331884,6.968997415384616,7.0765336622434365,116.48096766829408,67.86783999999992,46.76658585190869,0.017476266666666188,1.7704116117689965,11.528409939631969,3.975637231503617,31.262538680771744,0.0,0.017476266666666188,0.05865393794749403,0.6653743718644485,1.1050372399045658,4371741162.854687,3829231168.5977197,333477576.70397615,175277727.19788158,13047201.79199962,20625699.635201804,3701183768.1664324,542349581.7898755,127520386.13363762,6291.456000000001,527014.2976000112,72332.0832000021,81788.92800000105
LLAMA-65B,W16A16,GPU,112,0.2,93.07875894988067,1,2,DIGPIM,1,True,True,False,0,1024,1024,4,150315989760.0,526841974435.6598,531748618239.98267,2344.6025988488313,55.751979323076924,2197.8092934182464,0.0,38.15680179699565,27.875989661538465,25.008534648973747,137.42380809720018,87.34079999999979,47.9840408316612,0.06990506666666475,1.7944464470759576,12.727214488277308,3.9785483644531987,31.27827797893029,0.0,0.06990506666666475,0.23461575178997612,0.6718974874577528,1.1225489596181129,5059695577.892996,4349595515.411749,368750624.7680222,206330676.29225862,52188807.16799848,82502798.54080722,3703103605.964637,709458412.6123016,644383852.2569357,25165.824000000004,2108057.190400045,289328.3328000084,327155.7120000042
LLAMA-65B,W16A16,GPU,112,0.2,93.07875894988067,1,2,DIGPIM,1,True,True,False,0,1024,1024,8,171782960640.0,1053683948871.3196,1063497236479.9653,4571.543663137595,92.91996553846153,4310.359179316449,0.0,63.59466966165942,55.75197932307693,48.9178692979475,226.72554776735925,174.68159999999958,49.608413236319386,0.1398101333333295,1.8264928941518745,12.73549504422272,3.9824298750525435,32.89048831704177,0.0,0.1398101333333295,0.46923150357995225,0.6805949749155125,1.145897919236304,5910308924.678208,4998649704.778934,393887088.6399899,247734608.41812798,104377614.33599696,165005597.08161443,3705663389.6962795,910375920.1620715,1288770200.7015548,50331.64800000001,4216114.38080009,578656.6656000168,654311.4240000084
LLAMA-65B,W16A16,GPU,112,0.2,93.07875894988067,1,2,DIGPIM,1,True,True,False,0,1024,1024,16,214716902400.0,2107367897742.6392,2126994472959.9307,8990.960641963578,185.83993107692305,8469.69087432129,0.0,127.18933932331883,111.50395864615386,96.73653859589498,405.1501542424669,349.36319999999915,52.67828518033588,0.279620266666659,1.8905857883035384,12.752056156114051,3.9901928962515774,35.93603612797255,0.0,0.279620266666659,0.9384630071599045,0.6979899498310421,1.192595838472583,7585814267.722958,6296756205.114386,418440544.25597787,330542472.6698497,208755228.6719939,330011194.16322887,3710782957.1587553,1286491463.1337504,2577541019.1939206,100663.29600000002,8432228.76160018,1157313.3312000337,1308622.8480000168
LLAMA-65B,W16A16,GPU,112,0.2,93.07875894988067,1,2,DIGPIM,1,True,True,False,0,1920,128,1,134215761600.0,2025125562255.1182,134123028480.00055,1133.1240419969795,65.33435076923078,997.7011183513417,0.0,44.71500210585428,13.066870153846155,12.306700616706443,116.49807506685734,67.86783999999992,46.76658585190688,0.017476266666666622,1.7704116117689794,11.528409939632171,3.975637231503573,31.262538680771,0.0,0.017476266666666622,0.07576133651551313,0.6653743718644369,1.1050372399045307,4371743001.847464,3829231172.582382,333477576.70399874,175277727.1978666,13047201.791999977,20627534.643199917,3701183768.166386,542349581.7898681,127520390.11839193,8126.464,527014.297599999,72332.08319999998,81788.92799999996
LLAMA-65B,W16A16,GPU,112,0.2,93.07875894988067,1,2,DIGPIM,1,True,True,False,0,1920,128,4,150315989760.0,8100502249020.473,536492113920.0022,4419.149215112831,196.00305230769231,3990.804473405367,0.0,134.14500631756286,52.26748061538462,45.92920246682577,137.49223769146576,87.34079999999985,47.98404083166123,0.06990506666666649,1.7944464470758896,12.727214488277397,3.9785483644531867,31.27827797893072,0.0,0.06990506666666649,0.3030453460620525,0.6718974874577577,1.122548959618141,5059693193.070998,4349585790.557862,368750624.7680034,206330676.29226783,52188807.16799991,82510138.57279967,3703103605.96478,709458412.6122693,644374127.4027016,32505.856,2108057.190399996,289328.3327999999,327155.7119999998
LLAMA-65B,W16A16,GPU,112,0.2,93.07875894988067,1,2,DIGPIM,1,True,True,False,0,1920,128,8,171782960640.0,16201004498040.945,1072984227840.0044,8727.149877350581,326.6717538461538,7981.608946810734,0.0,223.57501052927137,104.53496123076924,90.75920493365156,226.86240695592744,174.6815999999997,49.60841323631637,0.13981013333333298,1.8264928941517973,12.735495044222942,3.98242987505265,32.89048831704112,0.0,0.13981013333333298,0.606090692124105,0.6805949749155132,1.1458979192362821,5910338761.208127,4998664861.244382,393887088.64000267,247734608.41813326,104377614.33599982,165020277.14559934,3705663389.6960096,910375920.1621368,1288785357.167608,65011.712,4216114.380799992,578656.6655999998,654311.4239999996
LLAMA-65B,W16A16,GPU,112,0.2,93.07875894988067,1,2,DIGPIM,1,True,True,False,0,1920,128,16,214716902400.0,32402008996081.89,2145968455680.0088,17411.38657020885,653.3435076923076,15921.403909129162,0.0,447.15002105854273,209.06992246153848,180.4192098673031,405.42387261955514,349.3631999999994,52.67828518033639,0.27962026666666595,1.8905857883035881,12.752056156113973,3.9901928962515774,35.93603612797045,0.0,0.27962026666666595,1.21218138424821,0.6979899498310244,1.1925958384725532,7585851842.677261,6296764419.940216,418440544.25600225,330542472.66986954,208755228.67199963,330040554.2911987,3710782957.1583858,1286491463.1338673,2577549234.0202556,130023.424,8432228.761599984,1157313.3311999997,1308622.8479999993
LLAMA-65B,W16A16,GPU,112,0.2,93.07875894988067,1,2,DIGPIM,1,True,True,False,0,256,3840,1,139585126080.0,8638845923.459232,134631260159.98625,150.54960332272879,1.5898667415414856,143.82902044100953,0.0,0.7949333707707428,1.742249353846154,2.593533415560859,116.50527715029696,67.86771034123387,46.76658585190029,0.017476266666665425,1.7704116117686621,11.528409939632256,3.975637231503624,31.26253868076593,0.0,0.017476266666665425,0.0830930787589499,0.6653743718643805,1.1050372399046107,4370596531.184961,3828083915.48962,333477576.7040874,175277727.1978409,13047201.792002102,20628321.07519128,3701183768.167158,542349581.7897004,126373133.02483243,8912.896,527014.2976000041,72332.08320000088,81788.92799999607
LLAMA-65B,W16A16,GPU,112,0.2,93.07875894988067,1,2,DIGPIM,1,True,True,False,0,256,3840,4,171793447680.0,34555383693.83693,538525040639.945,582.757421153558,4.769600224624456,561.5574897389932,0.0,2.384800112312228,6.968997415384616,7.0765336622434365,137.5214017014029,87.34063704089732,47.98404083166048,0.0699050666666617,1.7944464470756156,12.727214488278609,3.9785483644533026,31.278277978924166,0.0,0.0699050666666617,0.3323723150357996,0.6718974874577697,1.1225489596180733,5047469004.500848,4337358456.260469,368750624.7679386,206330676.29229683,52188807.16800841,82513284.30076513,3703103605.9647665,709458412.612369,632146793.1047997,35651.584,2108057.1904000165,289328.3328000035,327155.7119999843
LLAMA-65B,W16A16,GPU,112,0.2,93.07875894988067,1,2,DIGPIM,1,True,True,False,0,256,3840,8,214737876480.0,69110767387.67386,1077050081279.89,1141.8650581868362,7.949333707707427,1102.9491954700188,0.0,3.9746668538537135,13.937994830769233,13.053867324486873,226.9207230976425,174.68126220370195,49.60841323630143,0.1398101333333234,1.826492894151878,12.735495044223489,3.982429875052803,32.89048831703455,0.0,0.1398101333333234,0.6647446300715992,0.6805949749155558,1.1458979192361058,5885855653.158768,4974175461.7372465,393887088.64006394,247734608.41811404,104377614.33601682,165026568.60153025,3705663389.695583,910375920.1620531,1264295957.6604984,71303.168,4216114.380800033,578656.665600007,654311.4239999686
LLAMA-65B,W16A16,GPU,112,0.2,93.07875894988067,1,2,DIGPIM,1,True,True,False,0,256,3840,16,300626734080.0,138221534775.34772,2154100162559.78,2274.541818851881,15.898667415414854,2197.8092934182464,0.0,7.949333707707427,27.875989661538465,25.008534648973747,405.54052553328,349.3625450377769,52.67828518034424,0.2796202666666468,1.8905857883036037,12.752056156113584,3.9901928962519615,35.936036127971626,0.0,0.2796202666666468,1.3294892601431985,0.697989949831053,1.1925958384726367,7536906296.263515,6247806290.611578,418440544.2560985,330542472.6699846,208755228.67203364,330053137.2030605,3710782957.158046,1286491463.1338363,2528591104.693229,142606.336,8432228.761600066,1157313.331200014,1308622.8479999371
LLAMA-65B,W16A16,GPU,112,0.2,93.07875894988067,1,2,DIGPIM,1,True,True,False,0,2048,2048,1,139585126080.0,134358043553.45383,137003008000.00949,1255.152765785372,74.33597243076925,1102.9491954700188,0.0,50.87573572932754,13.937994830769233,13.053867324486873,116.53962160622989,67.86784000000368,46.76658585190659,0.01747626666666684,1.7704116117689686,11.528409939631874,3.9756372315036215,31.262538680773485,0.0,0.01747626666666684,0.11730787589498813,0.6653743718644388,1.1050372399045962,4371747450.527138,3829231164.8151784,333477576.7039796,175277727.19786584,13047201.791999998,20631991.091200616,3701183768.166493,542349581.7898597,127520382.35112588,12582.912,527014.2975999966,72332.08320000429,81788.92799999929
LLAMA-65B,W16A16,GPU,112,0.2,93.07875894988067,1,2,DIGPIM,1,True,True,False,0,2048,2048,4,171793447680.0,537432174213.8153,548012032000.03796,4790.664152417763,223.0079172923077,4310.359179316449,0.0,152.6272071879826,55.75197932307693,48.9178692979475,137.65842384899364,87.34079999999979,47.98404083165789,0.06990506666666736,1.7944464470758201,12.727214488277816,3.9785483644530486,31.278277978928486,0.0,0.06990506666666736,0.4692315035799525,0.6718974874577341,1.122548959618237,5059720911.144354,4349595682.837701,368750624.76805246,206330676.29227513,52188807.16799999,82527964.36480246,3703103605.9641933,709458412.6122541,644384019.6829598,50331.648,2108057.190399986,289328.33280001715,327155.71199999715
LLAMA-65B,W16A16,GPU,112,0.2,93.07875894988067,1,2,DIGPIM,1,True,True,False,0,2048,2048,8,214737876480.0,1074864348427.6306,1096024064000.0759,9303.98991236382,371.6798621538461,8469.69087432129,0.0,254.37867864663767,111.50395864615386,96.73653859589498,227.19477927097265,174.68159999999958,49.608413236313346,0.13981013333333472,1.8264928941517196,12.735495044222695,3.9824298750524583,32.89048831704325,0.0,0.13981013333333472,0.938463007159905,0.680594974915542,1.145897919236332,5910360912.479356,4998651360.931273,393887088.640044,247734608.4181504,104377614.33599998,165055928.72960493,3705663389.6960936,910375920.1620497,1288771856.854928,100663.296,4216114.380799972,578656.6656000343,654311.4239999943
LLAMA-65B,W16A16,GPU,112,0.2,93.07875894988067,1,2,DIGPIM,1,True,True,False,0,2048,2048,16,300626734080.0,2149728696855.2612,2192048128000.1519,18606.88062472764,743.3597243076922,16939.38174864258,0.0,508.75735729327533,223.00791729230772,192.37387719178992,406.0886172496202,349.36319999999915,52.67828518033631,0.27962026666666945,1.8905857883036492,12.752056156113733,3.9901928962515774,35.93603612796962,0.0,0.27962026666666945,1.87692601431981,0.6979899498310497,1.1925958384724502,7585912861.488707,6296754135.584979,418440544.25603855,330542472.6698467,208755228.67199996,330111857.45920986,3710782957.158903,1286491463.1338902,2577538949.664912,201326.592,8432228.761599945,1157313.3312000686,1308622.8479999886
LLAMA-65B,W16A16,GPU,112,0.2,93.07875894988067,1,2,DIGPIM,1,True,True,False,0,3840,256,1,139585126080.0,2093717605195.2942,139374755839.99875,2485.247589744129,261.3374030769231,1995.4022367026835,0.0,178.86000842341713,26.13374030769231,23.514201233412887,116.57383640337596,67.86783999999992,46.766585851907095,0.01747626666666686,1.770411611768973,11.528409939632157,3.975637231503592,31.262538680771307,0.0,0.01747626666666686,0.1515226730310262,0.6653743718644373,1.1050372399045423,4371751359.590792,3829231403.8617373,333477576.7040059,175277727.19786668,13047201.791999944,20635661.107200168,3701183768.1663375,542349581.789867,127520621.39781523,16252.927999999998,527014.2976000027,72332.08319999966,81788.92799999974
LLAMA-65B,W16A16,GPU,112,0.2,93.07875894988067,1,2,DIGPIM,1,True,True,False,0,3840,256,4,171793447680.0,8374870420781.177,557499023359.995,9497.495347476175,784.0122092307693,7981.608946810734,0.0,536.5800252702514,104.53496123076924,90.75920493365156,137.79528303752596,87.3407999999998,47.984040831661204,0.06990506666666745,1.7944464470758785,12.727214488277346,3.9785483644531876,31.278277978930852,0.0,0.06990506666666745,0.6060906921241048,0.6718974874577585,1.1225489596181264,5059727600.644921,4349587692.275888,368750624.76799446,206330676.29226995,52188807.167999774,82542644.42880067,3703103605.964832,709458412.6122675,644376029.1206726,65011.71199999999,2108057.190400011,289328.33279999864,327155.71199999895
LLAMA-65B,W16A16,GPU,112,0.2,93.07875894988067,1,2,DIGPIM,1,True,True,False,0,3840,256,8,214737876480.0,16749740841562.354,1114998046719.99,18511.8800989597,1306.6870153846153,15921.403909129162,0.0,894.3000421170855,209.06992246153848,180.4192098673031,227.4684976480509,174.6815999999996,49.608413236316956,0.1398101333333349,1.8264928941517724,12.735495044222878,3.98242987505265,32.89048831704112,0.0,0.1398101333333349,1.2121813842482096,0.6805949749155146,1.1458979192362866,5910394806.543067,4998655894.867041,393887088.64000255,247734608.41813305,104377614.33599955,165085288.85760134,3705663389.6959524,910375920.162147,1288776390.7903647,130023.42399999998,4216114.380800022,578656.6655999973,654311.4239999979
LLAMA-65B,W16A16,GPU,112,0.2,93.07875894988067,1,2,DIGPIM,1,True,True,False,0,3840,256,16,300626734080.0,33499481683124.707,2229996093439.98,36966.37068179067,2613.3740307692306,31786.51750212959,0.0,1788.600084234171,418.13984492307696,359.7392197346061,406.6360540038023,349.3631999999992,52.6782851803367,0.2796202666666698,1.8905857883036115,12.75205615611397,3.9901928962515774,35.93603612797091,0.0,0.2796202666666698,2.4243627684964193,0.6979899498310234,1.19259583847257,7585952096.014701,6296734649.853572,418440544.25600547,330542472.6698666,208755228.6719991,330170577.7152027,3710782957.1583524,1286491463.1338673,2577519463.933671,260046.84799999997,8432228.761600044,1157313.3311999945,1308622.8479999958
LLAMA-7B,W16A16,GPU,112,6.4,93.07875894988067,1,2,BA,1,True,True,False,0,128,1920,32,47238343680.0,27656265766.420006,430891335680.022,228.07124904200828,2.3848001123122278,214.09477069682282,0.0,0.7949333707707428,5.5751979323076934,5.22154692979475,6.386943780981492,1.2814539957561255,4.21281129055577,0.0034952533333331443,0.7562343153214522,0.3740944791485363,0.2843363145562098,3.554380496851109,0.0,0.0034952533333331443,0.1329489260143198,0.2791959799324196,0.4770383353889837,676224907.8878481,458691315.51667356,41533675.92960145,66239133.12255988,41755009.351677746,67482324.82816704,374150036.1932834,215058407.7516959,81168387.81876463,1488810.1478399998,3372891.50464,462925.3324800265,523449.1391999984
LLAMA-7B,W16A16,GPU,112,6.4,93.07875894988067,1,2,BA,1,True,True,False,0,1024,1024,32,47238343680.0,430227251896.6803,438480928767.98486,1902.4460819211743,74.33597243076923,1693.9381748642577,0.0,50.87573572932754,44.60158345846155,38.69461543835799,6.490252171265211,1.7968838575171013,3.7459461436617048,0.003495253333333479,0.7562343153214153,0.06195628276425892,0.12960936404659468,3.554380496851034,0.0,0.003495253333333479,0.1876926014319809,0.2791959799324169,0.4770383353890333,709990806.252726,491844174.4088676,41533675.929604806,66239133.12255791,41755009.35167932,68095364.30080606,374150036.193262,215058407.75167474,114321246.71099712,2101849.62048,3372891.504640071,462925.3324800134,523449.13920000667
LLAMA-7B,W16A16,GPU,112,6.4,93.07875894988067,1,2,BA,1,True,True,False,0,1920,128,32,47238343680.0,6727351850411.339,446070521856.00195,3782.539096419994,261.33740307692307,3186.5460319881167,0.0,178.8600084234171,83.6279689846154,72.16768394692123,6.907669377714063,2.2907784839055085,3.6147250483040625,0.0034952533333333234,0.7562343153214353,0.04016069633581362,0.020183855117225865,3.5543804968510226,0.0,0.0034952533333333234,0.242436276849642,0.27919597993240974,0.47703833538902124,743748330.5130508,524988659.1965655,41533675.92959995,66239133.12255996,41755009.35168008,68708403.7734406,374150036.19328123,215058407.75167894,147465731.49864194,2714889.0931200003,3372891.5046399934,462925.33247999987,523449.1391999997
LLAMA-7B,W16A16,GPU,112,0.2,93.07875894988067,1,2,DIGPIM,1,True,True,False,0,256,3840,16,47246734848.0,13896831536.14587,224661602303.97473,229.6611157835497,3.179733483082971,214.09477069682282,0.0,1.5898667415414856,5.5751979323076934,5.22154692979475,37.187788564898014,30.559816027088846,5.5755534747903015,0.05592405333332936,0.7305971576607513,1.2785178379895585,0.4806862726379107,3.8163493641628734,0.0,0.05592405333332936,0.2658978520286397,0.27223798996622234,0.4583591676944423,706649398.921648,576078429.5061555,43315416.26880033,33119566.561273616,20877504.67584322,32996757.340146434,372102209.208349,130077782.17985918,202289774.54545456,0.0,1686445.7523200132,231462.66624000284,261724.5695999874
LLAMA-13B,W16A16,GPU,112,0.2,93.07875894988067,1,2,DIGPIM,1,True,True,False,0,256,3840,16,78852912000.0,27083906860.744987,431564390399.9931,439.73243897029647,4.769600224624456,415.84552478632475,0.0,2.384800112312228,8.71124676923077,8.021267077804296,78.1888061160593,67.54509309716404,9.219608232905067,0.08738133333333996,0.9212580588446813,2.4945174785905855,0.7499078478168684,5.975182906499227,0.0,0.08738133333333996,0.4154653937947493,0.3424718593221852,0.5787861995226738,1463127054.476388,1202709807.9271905,90151321.6,64639817.04532491,40774828.03200784,64442335.231989734,725962194.9442263,259646641.49332017,474112541.495181,0.0,2635071.4879997685,361660.41600001894,408944.64
LLAMA-65B,W16A16,GPU,112,0.2,93.07875894988067,1,2,DIGPIM,1,True,True,False,0,256,3840,16,300626734080.0,138221534775.34772,2154100162559.78,2274.541818851881,15.898667415414854,2197.8092934182464,0.0,7.949333707707427,27.875989661538465,25.008534648973747,405.54052553328,349.3625450377769,52.67828518034424,0.2796202666666468,1.8905857883036037,12.752056156113584,3.9901928962519615,35.936036127971626,0.0,0.2796202666666468,1.3294892601431985,0.697989949831053,1.1925958384726367,7536761265.619804,6247803866.303866,418440544.2560985,330542472.6699846,208755228.67203364,329910530.86706054,3710782957.158046,1286491463.1338363,2528588680.385517,0.0,8432228.761600066,1157313.331200014,1308622.8479999371
LLAMA-7B,W16A16,GPU,112,0.2,93.07875894988067,1,2,DIGPIM,1,True,True,False,0,256,3840,16,47246734848.0,13896831536.14587,224661602303.97473,229.6611157835497,3.179733483082971,214.09477069682282,0.0,1.5898667415414856,5.5751979323076934,5.22154692979475,37.187788564898014,30.559816027088846,5.5755534747903015,0.05592405333332936,0.7305971576607513,1.2785178379895585,0.4806862726379107,3.8163493641628734,0.0,0.05592405333332936,0.2658978520286397,0.27223798996622234,0.4583591676944423,706678405.0503905,576078914.3676978,43315416.26880033,33119566.561273616,20877504.67584322,33025278.60734642,372102209.208349,130077782.17985918,202290259.40699694,28521.2672,1686445.7523200132,231462.66624000284,261724.5695999874
LLAMA-13B,W16A16,GPU,112,0.2,93.07875894988067,1,2,DIGPIM,1,True,True,False,0,256,3840,16,78852912000.0,27083906860.744987,431564390399.9931,439.73243897029647,4.769600224624456,415.84552478632475,0.0,2.384800112312228,8.71124676923077,8.021267077804296,78.1888061160593,67.54509309716404,9.219608232905067,0.08738133333333996,0.9212580588446813,2.4945174785905855,0.7499078478168684,5.975182906499227,0.0,0.08738133333333996,0.4154653937947493,0.3424718593221852,0.5787861995226738,1463172376.5525477,1202710565.5233502,90151321.6,64639817.04532491,40774828.03200784,64486899.71198971,725962194.9442263,259646641.49332017,474113299.091341,44564.48,2635071.4879997685,361660.41600001894,408944.64
LLAMA-65B,W16A16,GPU,112,0.2,93.07875894988067,1,2,DIGPIM,1,True,True,False,0,256,3840,16,300626734080.0,138221534775.34772,2154100162559.78,2274.541818851881,15.898667415414854,2197.8092934182464,0.0,7.949333707707427,27.875989661538465,25.008534648973747,405.54052553328,349.3625450377769,52.67828518034424,0.2796202666666468,1.8905857883036037,12.752056156113584,3.9901928962519615,35.936036127971626,0.0,0.2796202666666468,1.3294892601431985,0.697989949831053,1.1925958384726367,7536906296.263515,6247806290.611578,418440544.2560985,330542472.6699846,208755228.67203364,330053137.2030605,3710782957.158046,1286491463.1338363,2528591104.693229,142606.336,8432228.761600066,1157313.331200014,1308622.8479999371
QWEN2-1.5B,W16A16,GPU,96,3.2,93.07875894988067,1,2,BA,1,True,True,False,0,42,20,1,711650012,1571056279.5789473,711875136.0,0.9702934888085581,0.03780106135055455,0.29344220131966864,0.0,0.007488889512845712,0.2361154083009069,0.39544592832458236,0.7759072595904483,0.0031130738947368424,0.15540971408495596,6.365333333333337e-05,0.6171905080148921,0.06741741191497336,0.03410298587067038,0.05388931629931208,0.0,6.365333333333337e-05,0.00013031026252983293,0.23221512876906927,0.3849753792458231,23303008.872229755,20332580.748069715,1822025.3184,960002.7852800003,71399.30112000006,113424.7833600001,20263699.74271999,2963161.743360001,45824.1298297263,489.216,23056.875520000005,3201.2287999999985,3575.936
QWEN2-1.5B,W16A16,GPU,96,3.2,93.07875894988067,1,2,BA,1,True,True,False,0,42,20,4,732670832,6284225118.315789,2847500544.0,1.254579161980742,0.03780106135055455,0.5335638646153847,0.0,0.007488889512845712,0.2481016332036277,0.4276237132983294,0.8504432839236649,0.008790722315789475,0.2226346751648526,0.0002546133333333335,0.6182420320595706,0.06351696945099455,0.032916049108495216,0.12620165660536287,0.0,0.0002546133333333335,0.0005212410501193317,0.23250051507627678,0.3857415169832935,24724765.908118904,20622312.92635888,2214671.1551999995,1134181.744639999,285597.20448000025,453699.1334400004,20342751.887359984,4073387.458559997,187333.53691890519,1956.864,92227.50208000002,12804.915199999994,14303.744
QWEN2-1.5B,W16A16,GPU,96,3.2,93.07875894988067,1,2,BA,1,True,True,False,0,42,20,16,816754112,25136900473.263157,11390002176.0,3.077216746196167,0.0756021227011091,2.134255458461539,0.0,0.014977779025691425,0.2960465328145107,0.5563348531933174,0.940184279706565,0.03404435852631577,0.2805883754081567,0.001018453333333334,0.6224481282382817,0.04616685785823723,0.027585521480847194,0.20683599606907216,0.0,0.001018453333333334,0.002084964200477327,0.23364206030510742,0.3888060679331742,29831931.52367564,21765093.569115616,3221540.0447999965,1830897.5820799994,1142388.817920001,1814796.5337600017,20658960.465919994,7950575.861760006,737223.0948756214,7827.456,368910.0083200001,51219.660799999976,57214.976
QWEN2-1.5B,W16A16,GPU,96,3.2,93.07875894988067,1,2,BA,1,True,True,False,0,42,20,32,928865152,50273800946.52631,22780004352.0,5.872870310959118,0.1512042454022182,4.430196936503497,0.0,0.02995555805138285,0.5335638646153847,0.7279497063866348,1.0083369107385374,0.06811024905263158,0.30596357014172065,0.002036906666666668,0.6280562564765624,0.02276224252403445,0.020387773573807732,0.2628135540438784,0.0,0.002036906666666668,0.004169928400954654,0.23516412061021474,0.3928921358663483,36885761.94271121,23288801.092791274,3906365.0304000005,3661795.1641599988,2284777.635840002,3629593.0675200033,21080571.904000014,13364436.664320007,1470409.1721512421,15654.912,737820.0166400002,102439.32159999995,114429.952
QWEN2-1.5B,W16A16,GPU,96,3.2,93.07875894988067,1,2,BA,1,True,True,False,0,42,20,64,1153087232,100547601893.05263,45560008704.0,11.037648582757393,0.3024084908044364,8.537021833846154,0.0,0.0599111161027657,1.0671277292307695,1.07117941277327,1.0930950678099445,0.14618981410526313,0.2952190706163135,0.004073813333333336,0.6392725129531265,0.006279421592025833,0.003260468903551874,0.28567918012073573,0.0,0.004073813333333336,0.008339856801909308,0.2382082412204296,0.401064271732697,51134351.39518248,26336216.140142478,5416943.616,7323590.3283199975,4569555.271680004,7259186.135040007,21923794.78015999,24333086.88384001,2936781.326702483,31309.824,1475640.0332800003,204878.6431999999,228859.904
LLAMA-7B,W16A16,GPU,96,3.2,93.07875894988067,1,2,BA,1,True,True,False,0,42,20,1,12916915445.333334,28541417148.63158,12916887551.99999,6.269650729734664,0.06072623332865366,5.428108226674807,0.0,0.008558730871823671,0.28354472366128874,0.48871281519809073,3.0418060059416994,0.00646413305263158,2.328273187830416,0.00010922666666666667,0.706562322353795,1.1878030663922632,0.3959990473074122,0.7444710741307394,0.0,0.00010922666666666667,0.00039713603818615755,0.26571487437288777,0.4408474479809069,426155003.6365088,370432042.4947495,34805383.16800002,17531855.17568001,1304844.0422399992,2064520.9702399978,370182371.40991956,55689913.30304001,144268.2253096421,2223.63648,105402.85952000001,14466.416639999992,16357.785599999996
LLAMA-7B,W16A16,GPU,96,3.2,93.07875894988067,1,2,BA,1,True,True,False,0,42,20,4,13012956117.333334,114165668594.52632,51667550207.99996,11.373533332639905,0.12145246665730731,10.260813248801432,0.0,0.017117461743647342,0.3383388946451551,0.6358112607923627,4.211708004592486,0.02593035621052631,3.472382908147367,0.0004369066666666667,0.7113692894151791,1.2535553033771047,0.39157825382353495,1.8272493509467278,0.0,0.0004369066666666667,0.0015885441527446302,0.26701949749155135,0.4443497919236276,445132179.6148403,371551182.1057187,39388708.86399999,20649397.452800017,5219376.168959997,8258083.880959991,370566338.96960014,73448806.15424004,563231.6980385686,8894.54592,421611.43808000005,57865.66655999997,65431.14239999998
LLAMA-7B,W16A16,GPU,96,3.2,93.07875894988067,1,2,BA,1,True,True,False,0,42,20,16,13397118805.333334,456662674378.1053,206670200831.99985,40.02497685247953,0.30363116664326834,37.53966607753846,0.0,0.042793654359118354,0.9146809107692309,1.2242050431694511,5.675282201302514,0.1037952488421053,4.832787991522042,0.0017476266666666667,0.7305971576607159,1.198487396058855,0.4540094586610147,3.1802911368021727,0.0,0.0017476266666666667,0.006354176610978521,0.27223798996620524,0.4583591676945108,506634288.14895356,376027740.5495945,43315416.268800065,33119566.56127997,20877504.675839987,33032335.523839965,372102209.2083203,130077782.17983995,2239085.588954273,35578.18368,1686445.7523200002,231462.66623999987,261724.56959999993
LLAMA-7B,W16A16,GPU,96,3.2,93.07875894988067,1,2,BA,1,True,True,False,0,42,20,32,13909335722.666666,913325348756.2106,413340401663.9997,78.75263310349487,0.6072623332865367,74.22169155361273,0.0,0.08558730871823671,1.8293618215384617,2.008730086338902,6.5755015978076035,0.21898400168421048,5.584079674246659,0.0034952533333333334,0.7562343153214319,1.1168033061345217,0.589770371547391,3.8775059965647443,0.0,0.0034952533333333334,0.012708353221957042,0.2791959799324106,0.4770383353890213,598112423.7321475,381996485.1414289,41533675.92959991,66239133.12255994,41755009.35167997,66064671.04767993,374150036.1932801,215058407.7516797,4473557.443508548,71156.36736,3372891.5046400004,462925.33247999975,523449.13919999986
LLAMA-7B,W16A16,GPU,96,3.2,93.07875894988067,1,2,BA,1,True,True,False,0,42,20,64,14933769557.333334,1826650697512.4211,826680803327.9994,155.90566487960044,1.1537984332444196,147.35274674403664,0.0,0.16261588656464976,3.6587236430769234,3.577780172677804,6.888854975494518,0.4489159730526315,5.600023158688442,0.006990506666666667,0.8075086306428649,0.9537588348121708,0.5409425850702932,4.1053217388059755,0.0,0.006990506666666667,0.025416706443914083,0.2931119598648209,0.5143966707780431,795242086.9753382,393933974.3250967,52143587.327999964,132478266.24511988,83510018.70335995,132129342.09535986,378245690.16319996,399193050.9721601,8942501.152617099,142312.73472,6745783.009280001,925850.6649599995,1046898.2783999997
LLAMA-13B,W16A16,GPU,96,3.2,93.07875894988067,1,2,BA,1,True,True,False,0,42,20,1,25215835186.666668,55721907536.8421,25215801600.00001,11.783174531026342,0.07590779166081708,10.710215921307963,0.0,0.010698413589779588,0.3601386307207637,0.6262137737470168,5.282999285707298,0.01255817473684211,4.385980423899651,0.00013653333333333334,0.8837036286778052,2.226695407656437,0.7423288403171323,1.4169561759260831,0.0,0.00013653333333333334,0.000620525059665871,0.33227949120763717,0.5514241374701669,826924622.0033793,723351117.6620469,62729420.8,34238977.36533338,2548426.752,4031120.3839999954,722962448.384,103521867.09333332,223977.31004631586,3474.432,164691.96799999994,22603.77600000001,25559.04
LLAMA-13B,W16A16,GPU,96,3.2,93.07875894988067,1,2,BA,1,True,True,False,0,42,20,4,25365868746.666668,222887630147.3684,100863206400.00005,20.8247262641739,0.15181558332163417,19.349704235801582,0.0,0.021396827179559177,0.44575452288305484,0.8560550949880669,7.186223370831691,0.04052387157894735,6.251456750969516,0.0005461333333333333,0.8912145147112163,2.206630894760766,0.7359317826468688,3.308894073561883,0.0,0.0005461333333333333,0.002482100238663484,0.3343179648305489,0.5568965498806684,861563093.7095191,725099773.3041853,69723750.4,40319145.30133331,10193707.008,16124481.535999982,723562397.696,136256771.4133335,878607.7361852629,13897.728,658767.8719999997,90415.10400000004,102236.16
LLAMA-13B,W16A16,GPU,96,3.2,93.07875894988067,1,2,BA,1,True,True,False,0,42,20,16,25966002986.666668,891550520589.4736,403452825600.0002,71.69011976530201,0.4554467499649025,67.96587323076922,0.0,0.06419048153867753,1.429188923076923,1.7754203799522672,9.151736153411083,0.17203744210526314,8.046327718172963,0.0021845333333333334,0.9212580588448692,2.361454955852917,0.7055536735710765,4.979319088748965,0.0,0.0021845333333333334,0.009928400954653936,0.34247185932219554,0.5787861995226735,992567233.3340737,732094395.8727412,90151321.6,64639817.04533325,40774828.032,64497926.14399993,725962194.944,259646641.49333325,3497129.440741054,55590.912,2635071.487999999,361660.41600000014,408944.64
LLAMA-13B,W16A16,GPU,96,3.2,93.07875894988067,1,2,BA,1,True,True,False,0,42,20,32,26766181973.333332,1783101041178.9473,806905651200.0004,142.830639530604,0.910893499929805,135.93174646153844,0.0,0.12838096307735505,2.858377846153846,3.0012407599045345,11.049561065379486,0.3530940400000001,9.710925039113757,0.004369066666666667,0.9613161176897376,2.73312150508069,0.9151807796663276,6.062622754366741,0.0,0.004369066666666667,0.019856801909307872,0.35334371864439135,0.6079723990453462,1161702938.2201474,741420559.2974812,79639347.2,129279634.0906665,81549656.064,128995852.28799985,729161924.6079998,418629986.9866665,6988491.713482103,111181.824,5270142.975999998,723320.8320000003,817889.28
LLAMA-13B,W16A16,GPU,96,3.2,93.07875894988067,1,2,BA,1,True,True,False,0,42,20,64,28366539946.666668,3566202082357.8945,1613811302400.0007,296.10252237256327,1.82178699985961,282.8543362344322,0.0,0.2567619261547101,5.716755692307692,5.452881519809068,11.523410135038754,0.7047763578947365,9.728749804612578,0.008738133333333334,1.0414322353794747,2.4862751915605674,0.8370389531323845,6.405435659919622,0.0,0.008738133333333334,0.039713603818615745,0.3750874372887829,0.6663447980906921,1540239666.3922968,760072886.1469642,98880716.8,258559268.181333,163099312.128,257991704.5759997,735561383.936,776861996.3733331,13971216.258964207,222363.648,10540285.951999996,1446641.6640000006,1635778.56
